{"yilinfeng@college.harvard.edu": {"graceqi92@gmail.com": 0.0536828127095019, "angelayang@college.harvard.edu": 0.018676098402828818, "charleswong@college.harvard.edu": 0.009767376357457698, "ykoide@college.harvard.edu": 0.010113400182455249, "shannonzhu@college.harvard.edu": 0.008759805520460611, "charleszhang@college.harvard.edu": 0.01188792585913685, "jennylai@college.harvard.edu": 0.009325859061930905, "mkusunoki@college.harvard.edu": 0.022639736366332933, "salenacui@college.harvard.edu": 0.016160593893345503, "mwang01@college.harvard.edu": 0.010714969088698139, "dtao@college.harvard.edu": 0.00768866894674349, "lilyhongzhang@college.harvard.edu": 0.008595494562991473}, "annieq2816@gmail.com": {"erika.lee0331@gmail.com": 0.048507125007266595, "aadt.board@gmail.com": 0.0190174565282241, "yanmuyu@college.harvard.edu": 0.03644202585395018, "jiaxinwang@college.harvard.edu": 0.008893193797450552, "cloudlilyia@gmail.com": 0.010079436599430669}, "angelakim@college.harvard.edu": {"dtao@college.harvard.edu": 0.004391247656271678, "angelayang@college.harvard.edu": 0.00514276478382914, "sarahtsou@college.harvard.edu": 0.006051831985272443, "juliechang@college.harvard.edu": 0.006130010841546762, "charleswong@college.harvard.edu": 0.004691940888485881, "ykoide@college.harvard.edu": 0.00472877992410959, "shannonzhu@college.harvard.edu": 0.004565543744410529, "charleszhang@college.harvard.edu": 0.0048783970425589395, "jennylai@college.harvard.edu": 0.0046403337596560255, "ruthiecftg@gmail.com": 0.017630899487083906, "aadt.board@gmail.com": 0.01343408197526873, "lilyhongzhang@college.harvard.edu": 0.0045417963068382, "cloudlilyia@gmail.com": 0.005986092504484633, "mwang01@college.harvard.edu": 0.004786223251918349, "salenacui@college.harvard.edu": 0.025364584276139527, "graceqi92@gmail.com": 0.015821651541938733, "mkusunoki@college.harvard.edu": 0.005206215349701639, "yilinfeng@college.harvard.edu": 0.005349582702016207, "AlbertJOh@post.harvard.edu": 0.008732042735769571}, "erika.lee0331@gmail.com": {"annieq2816@gmail.com": 0.012687296086583729, "erika.lee0331@gmail.com": 0.04262222375849439, "aadt.board@gmail.com": 0.10699241901194002, "yanmuyu@college.harvard.edu": 0.06771502779169689, "cloudlilyia@gmail.com": 0.028212346836883978, "salenacui@college.harvard.edu": 0.014036671946924565, "graceqi92@gmail.com": 0.012982277646192501}, "ruthiecftg@gmail.com": {"graceqi92@gmail.com": 0.013067709337232917, "aadt.board@gmail.com": 0.0077124135563791255, "AlbertJOh@post.harvard.edu": 0.010051393496147027, "cloudlilyia@gmail.com": 0.006364136046826721}, "juliechang@college.harvard.edu": {"graceqi92@gmail.com": 0.010734706557120274, "angelayang@college.harvard.edu": 0.00944995560893779, "sarahtsou@college.harvard.edu": 0.038014296063485276, "charleswong@college.harvard.edu": 0.007290729279640813, "ykoide@college.harvard.edu": 0.007431299367795163, "shannonzhu@college.harvard.edu": 0.006841776448839358, "charleszhang@college.harvard.edu": 0.008056398848536376, "jennylai@college.harvard.edu": 0.00710149186057562, "mkusunoki@college.harvard.edu": 0.009861913755929484, "salenacui@college.harvard.edu": 0.009068453126375145, "mwang01@college.harvard.edu": 0.007660417888726181, "dtao@college.harvard.edu": 0.006293541640142147, "yilinfeng@college.harvard.edu": 0.010955985095400366, "lilyhongzhang@college.harvard.edu": 0.006762625349592553}, "mwang01@college.harvard.edu": {"charleswong@college.harvard.edu": 0.023755716907278995, "ykoide@college.harvard.edu": 0.03061383874613135, "shannonzhu@college.harvard.edu": 0.015210994830072743, "jennylai@college.harvard.edu": 0.018938850476964256, "dtao@college.harvard.edu": 0.011039114645521096, "lilyhongzhang@college.harvard.edu": 0.01439631501497389}, "graceqi92@gmail.com": {"angelayang@college.harvard.edu": 0.019920476822239894, "erika.lee0331@gmail.com": 0.025474090105633382, "annieq2816@gmail.com": 0.02993421700446248, "charleswong@college.harvard.edu": 0.009933175838560555, "ykoide@college.harvard.edu": 0.010297792904610999, "shannonzhu@college.harvard.edu": 0.008878810035074725, "charleszhang@college.harvard.edu": 0.012190590301569822, "jennylai@college.harvard.edu": 0.009469849828785602, "aadt.board@gmail.com": 0.03863012768732949, "yanmuyu@college.harvard.edu": 0.03814193694383233, "mkusunoki@college.harvard.edu": 0.024968808471946116, "cloudlilyia@gmail.com": 0.01683910834242062, "mwang01@college.harvard.edu": 0.010935004135209283, "AlbertJOh@post.harvard.edu": 0.015729026546513935, "salenacui@college.harvard.edu": 0.016946718543287685, "dtao@college.harvard.edu": 0.007768762611959057, "lilyhongzhang@college.harvard.edu": 0.008707841807677036, "jiaxinwang@college.harvard.edu": 0.03552602890985464}, "lydiachen@college.harvard.edu": {"angelakim@college.harvard.edu": 0.00494583068486747}, "charleswong@college.harvard.edu": {"jennylai@college.harvard.edu": 0.03137279025690793, "dtao@college.harvard.edu": 0.012466928585735454, "shannonzhu@college.harvard.edu": 0.019802950859533486, "lilyhongzhang@college.harvard.edu": 0.01809825061715205, "hoang@college.harvard.edu": 0.022037982136063}, "shannonzhu@college.harvard.edu": {"aadt.board@gmail.com": 0.011522450320630448, "dtao@college.harvard.edu": 0.016045763595142, "lilyhongzhang@college.harvard.edu": 0.04458779620677098}, "jennylai@college.harvard.edu": {"dtao@college.harvard.edu": 0.013585652432320372, "shannonzhu@college.harvard.edu": 0.02553214605940826, "lilyhongzhang@college.harvard.edu": 0.02215666980146639}, "yanmuyu@college.harvard.edu": {"angelakim@college.harvard.edu": 0.049690399499995326, "ruthiecftg@gmail.com": 0.016615972968891307, "aadt.board@gmail.com": 0.055487597159298574, "cloudlilyia@gmail.com": 0.016431736015683342, "salenacui@college.harvard.edu": 0.0187812056606337, "graceqi92@gmail.com": 0.010271683943339731, "AlbertJOh@post.harvard.edu": 0.008600261451922268}, "mkusunoki@college.harvard.edu": {"angelayang@college.harvard.edu": 0.03304093002275449, "charleswong@college.harvard.edu": 0.010826797874778605, "ykoide@college.harvard.edu": 0.011303946105083808, "shannonzhu@college.harvard.edu": 0.009499713825431449, "charleszhang@college.harvard.edu": 0.013968605915391565, "jennylai@college.harvard.edu": 0.010234497840947194, "salenacui@college.harvard.edu": 0.02307555769970229, "mwang01@college.harvard.edu": 0.012163506086147111, "dtao@college.harvard.edu": 0.00817450830534042, "lilyhongzhang@college.harvard.edu": 0.00929117682808958}, "cindyzou@college.harvard.edu": {"hoang@college.harvard.edu": 0.010204612915377116}, "dilee@college.harvard.edu": {"aadt.board@gmail.com": 0.004534040134449004, "lushuangxu@college.harvard.edu": 0.004954929317756122}, "christinexu@college.harvard.edu": {"jiaxinwang@college.harvard.edu": 0.005917470552113928}, "lushuangx@gmail.com": {"ansonkahng@college.harvard.edu": 0.005178957407463296}, "charleszhang@college.harvard.edu": {"charleswong@college.harvard.edu": 0.01713474628469157, "ykoide@college.harvard.edu": 0.019241446072101123, "shannonzhu@college.harvard.edu": 0.012957542902333604, "jennylai@college.harvard.edu": 0.015038019057934235, "mwang01@college.harvard.edu": 0.02473853479976467, "dtao@college.harvard.edu": 0.010080972981818898, "lilyhongzhang@college.harvard.edu": 0.012442778145433073}, "elainedong@college.harvard.edu": {"fanneyzhu@college.harvard.edu": 0.018399022669872974, "aadt.board@gmail.com": 0.005335585970224462, "georgewu@college.harvard.edu": 0.009119594252743047}, "aadt.board@gmail.com": {"kerry_yang@hks15.harvard.edu": 0.0019737384583251795, "hoang@college.harvard.edu": 0.0021035902742488786, "erika.lee0331@gmail.com": 0.0014121519133637182, "aadt.board@gmail.com": 0.26149011716569126, "jiaxinwang@college.harvard.edu": 0.026860765467512676, "cloudlilyia@gmail.com": 0.08895402641056113}, "jiaxinwang@college.harvard.edu": {"angelakim@college.harvard.edu": 0.006822323690302092, "yanmuyu@college.harvard.edu": 0.028903665650804, "jiaxinwang@college.harvard.edu": 0.013354718003583399,