{"ahausmann@college.harvard.edu": {"maile@college.harvard.edu": 0.010917394896357078, "maurachurch@college.harvard.edu": 0.007096304568119731, "taylorweary@college.harvard.edu": 0.009029920547884623}, "lboranian@yahoo.com": {"agrimm@college.harvard.edu": 0.005580412751520209}, "lijiaxie@college.harvard.edu": {"maurachurch@college.harvard.edu": 0.007593209240384837, "pamelachen@college.harvard.edu": 0.004605558192216601, "mstudt@college.harvard.edu": 0.0040815986891072275, "ebridge@college.harvard.edu": 0.0038500856749847344, "lboranian@college.harvard.edu": 0.0029962958715950196, "nicholaskeonelee@college.harvard.edu": 0.0005606247890816063, "taylorweary@college.harvard.edu": 0.05217688139467202, "maitheresa9@gmail.com": 0.009034766754849738, "maile@college.harvard.edu": 0.0010992402930090077, "rkgibson2@gmail.com": 0.0060003000225018754}, "maurachurch@college.harvard.edu": {"lboranian@yahoo.com": 0.02186969602337963, "lijiaxie@college.harvard.edu": 0.019619661424619413, "maurachurch@college.harvard.edu": 0.19434708042540635, "pamelachen@college.harvard.edu": 0.13880812354603578, "agrimm@college.harvard.edu": 0.014444773891840682, "taylorweary@college.harvard.edu": 0.0703192873767727, "maile@college.harvard.edu": 0.04513695903799349}, "pamelachen@college.harvard.edu": {"lboranian@yahoo.com": 0.04502655410296849, "maurachurch@college.harvard.edu": 0.03805247343016423, "pamela.chen17@gmail.com": 0.034099716973523674, "pamelachen@college.harvard.edu": 1.0870421043943053, "mstudt@college.harvard.edu": 0.017263085748832223, "ebridge@college.harvard.edu": 0.01831034379604421, "lboranian@college.harvard.edu": 0.014210555570451228, "agrimm@college.harvard.edu": 0.24406826495845632, "nicholaskeonelee@college.harvard.edu": 0.015349623935721783, "benjamingrimm@college.harvard.edu": 0.009901178004742165, "taylorweary@college.harvard.edu": 0.07198336132410885, "maitheresa9@gmail.com": 0.032377336885159674, "maile@college.harvard.edu": 0.062285506194626375, "rkgibson2@gmail.com": 0.006128660996779115}, "mstudt@college.harvard.edu": {"lboranian@yahoo.com": 0.008236662258223169, "maurachurch@college.harvard.edu": 0.011319868183166467, "pamelachen@college.harvard.edu": 0.07480897111731123, "mstudt@college.harvard.edu": 0.0017490778777865042, "maile@college.harvard.edu": 0.006829360047515977, "nicholaskeonelee@college.harvard.edu": 0.002055447438057445, "taylorweary@college.harvard.edu": 0.031435419428933936, "maitheresa9@gmail.com": 0.01961378461282607, "agrimm@college.harvard.edu": 0.012496095580101535}, "ebridge@college.harvard.edu": {"lboranian@yahoo.com": 0.0034156957982341305, "maurachurch@college.harvard.edu": 0.03893265084174362, "pamelachen@college.harvard.edu": 0.050792089309697475, "mstudt@college.harvard.edu": 0.008329625580879947, "lboranian@college.harvard.edu": 0.008599510979529044, "nicholaskeonelee@college.harvard.edu": 0.003790871502881367, "taylorweary@college.harvard.edu": 0.01848856688373065, "maitheresa9@gmail.com": 0.012509027799977838, "agrimm@college.harvard.edu": 0.012290306612833847, "rkgibson2@gmail.com": 0.004689412332939372}, "lboranian@college.harvard.edu": {"lboranian@yahoo.com": 0.007565344158360031, "maurachurch@college.harvard.edu": 0.009742313910673, "pamelachen@college.harvard.edu": 0.04621492163586675, "mstudt@college.harvard.edu": 0.03528412763964445, "nicholaskeonelee@college.harvard.edu": 0.027256963340035873, "taylorweary@college.harvard.edu": 0.023336604539389336, "maitheresa9@gmail.com": 0.03910760392108806, "agrimm@college.harvard.edu": 0.01046217438296718}, "agrimm@college.harvard.edu": {"lboranian@yahoo.com": 0.010952698858458088, "maurachurch@college.harvard.edu": 0.07200528907628731, "pamelachen@college.harvard.edu": 0.07808064476894808, "ebridge@college.harvard.edu": 0.002412490824636329, "benjamingrimm@college.harvard.edu": 0.0024187068328929283, "taylorweary@college.harvard.edu": 0.035587920575159436}, "nicholaskeonelee@college.harvard.edu": {"lboranian@yahoo.com": 0.007874748135130422, "maurachurch@college.harvard.edu": 0.010431391478743734, "pamelachen@college.harvard.edu": 0.04242171322200289, "mstudt@college.harvard.edu": 0.03019075199624592, "maile@college.harvard.edu": 0.005811851508167741, "taylorweary@college.harvard.edu": 0.01315334104411641, "agrimm@college.harvard.edu": 0.011330035514051979}, "benjamingrimm@college.harvard.edu": {"ebridge@college.harvard.edu": 0.033671751485073696, "pamelachen@college.harvard.edu": 0.02291144655411569}, "taylorweary@college.harvard.edu": {"lboranian@yahoo.com": 0.02022718293401811, "lijiaxie@college.harvard.edu": 0.0397778642087865, "maurachurch@college.harvard.edu": 0.06064079559467116, "pamelachen@college.harvard.edu": 0.1549832933675296, "mstudt@college.harvard.edu": 0.02478097752276474, "ebridge@college.harvard.edu": 0.0049543677290917205, "lboranian@college.harvard.edu": 0.023537681096276207, "agrimm@college.harvard.edu": 0.08124932757607511, "nicholaskeonelee@college.harvard.edu": 0.002274535076990168, "benjamingrimm@college.harvard.edu": 0.0024157267459713055, "taylorweary@college.harvard.edu": 0.19987598632310538, "maitheresa9@gmail.com": 0.09134344327027749, "maile@college.harvard.edu": 0.11301056500133838}, "maitheresa9@gmail.com": {"maurachurch@college.harvard.edu": 0.007569146351643326, "pamelachen@college.harvard.edu": 0.019997704853885814, "mstudt@college.harvard.edu": 0.026496979464875815, "ebridge@college.harvard.edu": 0.002636843280375184, "agrimm@college.harvard.edu": 0.005103820235233038, "nicholaskeonelee@college.harvard.edu": 0.0016260678514740446, "taylorweary@college.harvard.edu": 0.028430443582516545, "maitheresa9@gmail.com": 0.023000190973790482, "maile@college.harvard.edu": 0.002815435581508448}, "maile@college.harvard.edu": {"lijiaxie@college.harvard.edu": 0.010892755023757477, "maurachurch@college.harvard.edu": 0.015567158319381337, "pamelachen@college.harvard.edu": 0.02591297442036318, "mstudt@college.harvard.edu": 0.016788356946826864, "taylorweary@college.harvard.edu": 0.04183199786016653, "maitheresa9@gmail.com": 0.0890870806374748, "maile@college.harvard.edu": 0.16609049074896443}, "rkgibson2@gmail.com": {"lboranian@yahoo.com": 0.004985191052259303, "maurachurch@college.harvard.edu": 0.005479801687373455, "pamelachen@college.harvard.edu": 0.03049542428750461, "mstudt@college.harvard.edu": 0.009644187839351568, "ebridge@college.harvard.edu": 0.0050196780612241435, "lboranian@college.harvard.edu": 0.010085950068610438, "nicholaskeonelee@college.harvard.edu": 0.006439963153212234, "taylorweary@college.harvard.edu": 0.016331698998862894, "maitheresa9@gmail.com": 0.009569781113591719, "agrimm@college.harvard.edu": 0.005598749602917446}}