{"czhong@college.harvard.edu": {"jangong@college.harvard.edu": 0.05974379365157274, "czhong@college.harvard.edu": 0.02061089119916432, "jackhuang@college.harvard.edu": 0.04026249442580705, "lilyhongzhang@college.harvard.edu": 0.03817997475980492, "nkakar@college.harvard.edu": 0.04534303055174894}, "mcole@college.harvard.edu": {"mcole@college.harvard.edu": 0.014356203435505359, "geoffreymartello@college.harvard.edu": 0.012116599699769925, "kleung@college.harvard.edu": 0.032221247843918, "wgardner@college.harvard.edu": 0.012353347105574272, "jangong@college.harvard.edu": 0.04438333816811229, "huihuifan@college.harvard.edu": 0.013002216385797617, "lilyhongzhang@college.harvard.edu": 0.011999127903230601}, "jacksonallen@college.harvard.edu": {"alanyang01@college.harvard.edu": 0.006096201177568181, "geoffreymartello@college.harvard.edu": 0.005486973612288282, "vivianhua@college.harvard.edu": 0.01606645980340262, "robertchu@college.harvard.edu": 0.006336097530829958, "wgardner@college.harvard.edu": 0.007694584533468196, "jangong@college.harvard.edu": 0.012255877948944853}, "kleung@college.harvard.edu": {"kleung@college.harvard.edu": 0.050808196360854166, "geoffreymartello@college.harvard.edu": 0.024092286884327845, "kkulik@college.harvard.edu": 0.0034267078062922623, "vivianhua@college.harvard.edu": 0.06817850640353329, "wgardner@college.harvard.edu": 0.0587970241044573, "jackhuang@college.harvard.edu": 0.012462087247901644, "jangong@college.harvard.edu": 0.09916678053082972, "huihuifan@college.harvard.edu": 0.16197137290024058, "lilyhongzhang@college.harvard.edu": 0.23007357411314147}, "jinpark@college.harvard.edu": {"mcole@college.harvard.edu": 0.010371189854784251, "alanyang01@college.harvard.edu": 0.03541731999594786, "jangong@college.harvard.edu": 0.009695951185895415, "lilyhongzhang@college.harvard.edu": 0.017589938618257295, "geoffreymartello@college.harvard.edu": 0.03547166223845238}, "geoffreymartello@college.harvard.edu": {"mcole@college.harvard.edu": 0.06513378154312355, "alanyang01@college.harvard.edu": 0.15546219433727604, "geoffreymartello@college.harvard.edu": 0.5778810460626709, "lwedlund@college.harvard.edu": 0.034401045807689073, "kleung@college.harvard.edu": 0.0625477917498773, "robertchu@college.harvard.edu": 0.015255179536022703, "wgardner@college.harvard.edu": 0.010228071826600217, "jackhuang@college.harvard.edu": 0.08759402707149437, "jangong@college.harvard.edu": 0.2723826008143237, "huihuifan@college.harvard.edu": 0.25383505621652513, "lilyhongzhang@college.harvard.edu": 0.5294191410138674}, "alanyang01@college.harvard.edu": {"mcole@college.harvard.edu": 0.02561318216231684, "alanyang01@college.harvard.edu": 0.08727242690479872, "geoffreymartello@college.harvard.edu": 0.1885233057185986, "robertchu@college.harvard.edu": 0.01164050492949297, "jangong@college.harvard.edu": 0.08793999509078226, "huihuifan@college.harvard.edu": 0.0886986105695136, "lilyhongzhang@college.harvard.edu": 0.09289330926612457}, "kkulik@college.harvard.edu": {"czhong@college.harvard.edu": 0.025320956686537416, "alanyang01@college.harvard.edu": 0.003515313100603138, "jacksonallen@college.harvard.edu": 0.004302717270992591, "vivianhua@college.harvard.edu": 0.022990682164278377, "geoffreymartello@college.harvard.edu": 0.005745563085130282, "kleung@college.harvard.edu": 0.05761033496590498, "robertchu@college.harvard.edu": 0.003559552936835083, "nkakar@college.harvard.edu": 0.01066003581778052, "jackhuang@college.harvard.edu": 0.010399753736747236, "daniellewall@college.harvard.edu": 0.00906696197235267, "jangong@college.harvard.edu": 0.05402716641651446, "wgardner@college.harvard.edu": 0.0037554464127415367, "huihuifan@college.harvard.edu": 0.024434653687655083, "lilyhongzhang@college.harvard.edu": 0.10604243095835553}, "vivianleung19@gmail.com": {"vivianhua@college.harvard.edu": 0.017869802600251842}, "vivianhua@college.harvard.edu": {"mcole@college.harvard.edu": 0.01823675732103461, "alanyang01@college.harvard.edu": 0.04152107797495193, "kleung@college.harvard.edu": 0.038142062400365224, "geoffreymartello@college.harvard.edu": 0.13053955883357723, "kkulik@college.harvard.edu": 0.019514284806274117, "vivianleung19@gmail.com": 0.002543154723902512, "vivianhua@college.harvard.edu": 0.049407768102611466, "robertchu@college.harvard.edu": 0.006894912225309549, "wgardner@college.harvard.edu": 0.01209297951815046, "jackhuang@college.harvard.edu": 0.0025489974597876514, "jangong@college.harvard.edu": 0.07405212082378704, "jinpark@college.harvard.edu": 0.105999788000636, "huihuifan@college.harvard.edu": 0.03495695315783383, "lilyhongzhang@college.harvard.edu": 0.1593408988446341}, "robertchu@college.harvard.edu": {"alanyang01@college.harvard.edu": 0.02236627204212922, "geoffreymartello@college.harvard.edu": 0.022029105317944768, "kleung@college.harvard.edu": 0.024226158777384113, "robertchu@college.harvard.edu": 0.00025148204407655873, "wgardner@college.harvard.edu": 0.055707746062711165, "jackhuang@college.harvard.edu": 0.00939433147959236, "jangong@college.harvard.edu": 0.07108835634423508, "lilyhongzhang@college.harvard.edu": 0.03864836968629852}, "nkakar@college.harvard.edu": {"jangong@college.harvard.edu": 0.09081322245008147, "lwedlund@college.harvard.edu": 0.010063092108532552, "geoffreymartello@college.harvard.edu": 0.0160112009006548, "jackhuang@college.harvard.edu": 0.04735137238103784, "lilyhongzhang@college.harvard.edu": 0.03804179284542668}, "philipcodyhe@college.harvard.edu": {"jackhuang@college.harvard.edu": 0.01914455071205457, "lilyhongzhang@college.harvard.edu": 0.023642028195402558}, "lwedlund@college.harvard.edu": {"geoffreymartello@college.harvard.edu": 0.0065470043669515745}, "jackhuang@college.harvard.edu": {"jangong@college.harvard.edu": 0.053550394333446036, "vivianleung19@gmail.com": 0.037582301400141446, "vivianhua@college.harvard.edu": 0.017384665583519344, "jackhuang@college.harvard.edu": 0.011128297681493145, "lilyhongzhang@college.harvard.edu": 0.12301570332345894}, "daniellewall@college.harvard.edu": {"czhong@college.harvard.edu": 0.006470048595534702, "kkulik@college.harvard.edu": 0.0033489610706268244, "kleung@college.harvard.edu": 0.03849001794597505, "nkakar@college.harvard.edu": 0.0031950023242851614, "jackhuang@college.harvard.edu": 0.0031877539844550923, "jangong@college.harvard.edu": 0.04058533025368013, "huihuifan@college.harvard.edu": 0.03713731773567558, "lilyhongzhang@college.harvard.edu": 0.0031837932066628026}, "jangong@college.harvard.edu": {"czhong@college.harvard.edu": 0.01689310238191721, "mcole@college.harvard.edu": 0.010835498245177655, "kleung@college.harvard.edu": 0.13111540016072387, "geoffreymartello@college.harvard.edu": 0.07691304276685237, "alanyang01@college.harvard.edu": 0.054329158412289774, "kkulik@college.harvard.edu": 0.08891059038095507, "vivianleung19@gmail.com": 0.0706768005004057, "vivianhua@college.harvard.edu": 0.09385749582423196, "robertchu@college.harvard.edu": 0.02382382585441424, "nkakar@college.harvard.edu": 0.0030308318717171207, "jackhuang@college.harvard.edu": 0.061050527649292224, "daniellewall@college.harvard.edu": 0.009578262852211514, "jangong@college.harvard.edu": 0.39961249982120817, "wgardner@college.harvard.edu": 0.019672236884115842, "huihuifan@college.harvard.edu": 0.16532109388689356, "lilyhongzhang@college.harvard.edu": 0.1869164476604499}, "maxwellwang@college.harvard.edu": {"kleung@college.harvard.edu": 0.17084627808061054, "geoffreymartello@college.harvard.edu": 0.013011055576622332, "kkulik@college.harvard.edu": 0.04068942293855797, "maxwellwang@college.harvard.edu": 0.1643989873053573, "daniellewall@college.harvard.edu": 0.008849904067559857, "jangong@college.harvard.edu": 0.01929796609624611, "huihuifan@college.harvard.edu": 0.047387360484773794, "lilyhongzhang@college.harvard.edu": 0.0038447606572096353}, "wgardner@college.harvard.edu": {"alanyang01@college.harvard.edu": 0.009991012131803659, "geoffreymartello@college.harvard.edu": 0.057527919005062246,