{"czhong@college.harvard.edu": {"czhong@college.harvard.edu": 0.0956825106514688, "mcole@college.harvard.edu": 0.025697430316039285, "vivianhua@college.harvard.edu": 0.06218546905097069, "kkaung@college.harvard.edu": 0.07873039676201761, "vivianleung19@gmail.com": 0.3041423072141205, "kleung@college.harvard.edu": 0.09229184648297806, "jangong@college.harvard.edu": 0.04302053001891676, "jdgama@college.harvard.edu": 0.024180387368535852, "jackhuang@college.harvard.edu": 0.059930096203397114, "derekhe@college.harvard.edu": 0.03260543286918213, "maxwellwang@college.harvard.edu": 0.02761703529531024, "huihuifan@college.harvard.edu": 0.0045867699203007385, "lilyhongzhang@college.harvard.edu": 0.009190570899693102, "ahashmi@college.harvard.edu": 0.07283005127494091}, "mcole@college.harvard.edu": {"mcole@college.harvard.edu": 0.029293533987582658, "maxwellwang@college.harvard.edu": 0.040836607817409845, "geoffreymartello@college.harvard.edu": 0.007717694538012734, "lwedlund@college.harvard.edu": 0.0979892888656746, "vivianleung19@gmail.com": 0.13624150488789985, "vivianhua@college.harvard.edu": 0.034626649645903965, "jackhuang@college.harvard.edu": 0.13449649490564247, "derekhe@college.harvard.edu": 0.04857012661298646, "kleung@college.harvard.edu": 0.050405118157321245, "huihuifan@college.harvard.edu": 0.08586815752161099, "lilyhongzhang@college.harvard.edu": 0.024096927990283408, "ahashmi@college.harvard.edu": 0.05740711644312116}, "vivianhua@college.harvard.edu": {"mcole@college.harvard.edu": 0.24962791650202248, "czhong@college.harvard.edu": 0.06630471678736541, "kleung@college.harvard.edu": 0.366083988145847, "kkaung@college.harvard.edu": 0.020516632361245794, "geoffreymartello@college.harvard.edu": 0.015397377923219295, "lwedlund@college.harvard.edu": 0.015007505629691604, "vivianleung19@gmail.com": 0.45598961445420616, "maxwellwang@college.harvard.edu": 0.1858906567077473, "jackhuang@college.harvard.edu": 0.09500325476061948, "jangong@college.harvard.edu": 0.03214121732666125, "vivianhua@college.harvard.edu": 0.42070255083119507, "huihuifan@college.harvard.edu": 0.24319903128409634, "lilyhongzhang@college.harvard.edu": 0.07100788384779576, "ahashmi@college.harvard.edu": 0.1023833842733925}, "kkaung@college.harvard.edu": {"czhong@college.harvard.edu": 0.21943297839496456, "kleung@college.harvard.edu": 0.00798855393735244, "kkaung@college.harvard.edu": 0.24282966720223378, "geoffreymartello@college.harvard.edu": 0.008574929257125443, "kkulik@college.harvard.edu": 0.04269879594194493, "vivianleung19@gmail.com": 0.31933660314445667, "maxwellwang@college.harvard.edu": 0.0021626942914966993, "jdgama@college.harvard.edu": 0.003827486582039692, "jackhuang@college.harvard.edu": 0.31319840119730036, "derekhe@college.harvard.edu": 0.04906555201629354, "vivianhua@college.harvard.edu": 0.05465885495786411, "huihuifan@college.harvard.edu": 0.12863907853487713, "lilyhongzhang@college.harvard.edu": 0.0657951694959769, "ahashmi@college.harvard.edu": 0.24902980065938773}, "geoffreymartello@college.harvard.edu": {"vivianhua@college.harvard.edu": 0.008053002114799163, "kkaung@college.harvard.edu": 0.024426598437301574, "vivianleung19@gmail.com": 0.16466699365923637, "kleung@college.harvard.edu": 0.01466786622122144, "jackhuang@college.harvard.edu": 0.027789022109779547, "huihuifan@college.harvard.edu": 0.08161977147909778, "lilyhongzhang@college.harvard.edu": 0.0635077557328351, "ahashmi@college.harvard.edu": 0.00874505497639817}, "lwedlund@college.harvard.edu": {"mcole@college.harvard.edu": 0.06658062276902421, "kleung@college.harvard.edu": 0.30816235691765675, "kkaung@college.harvard.edu": 0.02998800719520336, "kkulik@college.harvard.edu": 0.0035165625765038984, "vivianleung19@gmail.com": 0.14734545320610143, "maxwellwang@college.harvard.edu": 0.0028421709881378066, "lwedlund@college.harvard.edu": 0.267544258350296, "jackhuang@college.harvard.edu": 0.18564709173585603, "derekhe@college.harvard.edu": 0.03203506297787545, "huihuifan@college.harvard.edu": 0.17095982487046046, "lilyhongzhang@college.harvard.edu": 0.02193119778696655, "ahashmi@college.harvard.edu": 0.01729064248579608}, "vivianleung19@gmail.com": {"czhong@college.harvard.edu": 0.16504151901354677, "mcole@college.harvard.edu": 0.5241946664886484, "vivianhua@college.harvard.edu": 0.9118407092752656, "kkaung@college.harvard.edu": 0.2876703306588644, "geoffreymartello@college.harvard.edu": 0.031955288394924425, "jackhtsd@gmail.com": 0.02817180849095055, "lwedlund@college.harvard.edu": 0.2511405316254994, "vivianleung19@gmail.com": 1.8856464342052774, "maxwellwang@college.harvard.edu": 0.1264908464764593, "kkulik@college.harvard.edu": 0.004862555880717324, "alexandramaloof@college.harvard.edu": 0.03604000320951108, "nkakar@college.harvard.edu": 0.008385766379946234, "derekhe@college.harvard.edu": 0.09274521054787786, "mmahmood@college.harvard.edu": 0.006824176640299745, "jackhuang@college.harvard.edu": 0.7483486029216593, "jangong@college.harvard.edu": 0.1620726484956526, "kleung@college.harvard.edu": 0.3565625606475155, "huihuifan@college.harvard.edu": 0.7985401534441897, "lilyhongzhang@college.harvard.edu": 0.8700908743135014, "ahashmi@college.harvard.edu": 0.09837410557771943}, "kleung@college.harvard.edu": {"mcole@college.harvard.edu": 0.053918534529833834, "czhong@college.harvard.edu": 0.005669750589755438, "kleung@college.harvard.edu": 0.1466309199611234, "kkaung@college.harvard.edu": 0.03305100453028634, "lwedlund@college.harvard.edu": 0.1490572285846672, "vivianleung19@gmail.com": 0.17987796596665775, "vivianhua@college.harvard.edu": 0.0173265734380163, "jackhuang@college.harvard.edu": 0.22956361324088978, "jangong@college.harvard.edu": 0.06441566264008308, "huihuifan@college.harvard.edu": 0.054111367192106526, "lilyhongzhang@college.harvard.edu": 0.02757407059814, "ahashmi@college.harvard.edu": 0.010892755023757477}, "nkakar@college.harvard.edu": {"lwedlund@college.harvard.edu": 0.0038739616450486174, "vivianleung19@gmail.com": 0.004399612147288889, "jackhuang@college.harvard.edu": 0.0025112631606072906}, "alexandramaloof@college.harvard.edu": {"vivianleung19@gmail.com": 0.003836800276396963, "alexandramaloof@college.harvard.edu": 0.01589706591085828, "jdgama@college.harvard.edu": 0.0005376818907014742, "jackhuang@college.harvard.edu": 0.0005375744328372071, "huihuifan@college.harvard.edu": 0.00412259857717423, "lilyhongzhang@college.harvard.edu": 0.020683910521201037}, "jackhtsd@gmail.com": {"vivianleung19@gmail.com": 0.01929666237901308, "jackhtsd@gmail.com": 0.017140018999984106, "lilyhongzhang@college.harvard.edu": 0.09272570813953757}, "derekhe@college.harvard.edu": {"czhong@college.harvard.edu": 0.011277087537312158, "mcole@college.harvard.edu": 0.01693423460157097, "kleung@college.harvard.edu": 0.016000805213124046, "lwedlund@college.harvard.edu": 0.03102774028879357, "vivianleung19@gmail.com": 0.032386271174111476, "maxwellwang@college.harvard.edu": 0.025512104821547518, "jackhuang@college.harvard.edu": 0.01538253731853332, "derekhe@college.harvard.edu": 0.27278404459981, "huihuifan@college.harvard.edu": 0.007534573542491668, "ahashmi@college.harvard.edu": 0.008268416963430865}, "mmahmood@college.harvard.edu": {"mcole@college.harvard.edu": 0.015756337291581362, "kleung@college.harvard.edu": 0.020332091984056118, "vivianleung19@gmail.com": 0.03448376378168221, "vivianhua@college.harvard.edu": 0.013187609467915739, "jackhuang@college.harvard.edu": 0.014978857285595261}, "jdgama@college.harvard.edu": {"czhong@college.harvard.edu": 0.06131393394849658, "vivianleung19@gmail.com": 0.013618367767571082, "kkaung@college.harvard.edu": 0.012491220196364759, "jackhuang@college.harvard.edu": 0.04316134226279992}, "jackhuang@college.harvard.edu": {"czhong@college.harvard.edu": 0.018133596894207384, "mcole@college.harvard.edu": 0.11385358242515888, "vivianhua@college.harvard.edu": 0.11743057573289076, "kkaung@college.harvard.edu": 0.29050600971495516,