{"executives@scas.info": {"executives@scas.info": 0.00570145442698379}, "andrewma@college.harvard.edu": {"andrewma@college.harvard.edu": 0.0012932780227969004}, "anitalo@college.harvard.edu": {"wxiao@college.harvard.edu": 0.03487900532075779, "ltranphuong@college.harvard.edu": 0.045175395145262566}, "crey@college.harvard.edu": {"anitalo@college.harvard.edu": 0.031234752377721213, "wxiao@college.harvard.edu": 0.023268401675088573, "ltranphuong@college.harvard.edu": 0.025691749776935398}, "ltranphuong@college.harvard.edu": {"wxiao@college.harvard.edu": 0.05488212999484517, "ltranphuong@college.harvard.edu": 0.0023414196008293476}, "shengxili@college.harvard.edu": {"shengxili@college.harvard.edu": 0.0012092243203759578}, "wxiao@college.harvard.edu": {"wxiao@college.harvard.edu": 0.020028621399337206}}