{"andrewma@college.harvard.edu": {"anitalo@college.harvard.edu": 0.00508887731013554, "savannaarral@college.harvard.edu": 0.0019945146496100747, "wxiao@college.harvard.edu": 0.0026344905371769325, "ltranphuong@college.harvard.edu": 0.0027344254865323383}, "anitalo@college.harvard.edu": {"anitalo@college.harvard.edu": 0.008600485462218093, "jaucoin@college.harvard.edu": 0.08805694052206317, "samirfaza@college.harvard.edu": 0.024014605321403707, "bzauzmer@gmail.com": 0.16214375426081712, "ltranphuong@college.harvard.edu": 0.003242261950285565, "yenaoh@college.harvard.edu": 0.021040378085327927, "savannaarral@college.harvard.edu": 0.015338410320828081, "chaodanzheng@college.harvard.edu": 0.0785311959992031, "schoi14@college.harvard.edu": 0.012447597005512819, "jessicachao@college.harvard.edu": 0.2776405194574691, "wxiao@college.harvard.edu": 0.021725099943491616, "shengxili@college.harvard.edu": 0.0017419725968021603}, "achaves@college.harvard.edu": {"andrewma@college.harvard.edu": 0.002979835148160269, "anitalo@college.harvard.edu": 0.0025714248979670554, "angelayang@college.harvard.edu": 0.005443229899672544, "ltranphuong@college.harvard.edu": 0.002014712771340417, "savannaarral@college.harvard.edu": 0.0016574906906623435, "wxiao@college.harvard.edu": 0.001973723080542099}, "angelayang@college.harvard.edu": {"anitalo@college.harvard.edu": 0.0029174984749145397, "savannaarral@college.harvard.edu": 0.0017401280871899984, "andrewma@college.harvard.edu": 0.0035607938635108982, "wxiao@college.harvard.edu": 0.002117855190460289, "ltranphuong@college.harvard.edu": 0.002168738228739269}, "sharonpark@college.harvard.edu": {"anitalo@college.harvard.edu": 0.05053243432973489, "yenaoh@college.harvard.edu": 0.00264433696902151, "jaucoin@college.harvard.edu": 0.08857983213107114, "bzauzmer@gmail.com": 0.16919870231785292, "chaodanzheng@college.harvard.edu": 0.07547587965568862, "savannaarral@college.harvard.edu": 0.011054617607630525, "samirfaza@college.harvard.edu": 0.023153516828316786, "schoi14@college.harvard.edu": 0.012674485010489558, "jessicachao@college.harvard.edu": 0.35515176257024494, "wxiao@college.harvard.edu": 0.011930999725437872, "shengxili@college.harvard.edu": 0.28543895475040404}, "jaucoin@college.harvard.edu": {"anitalo@college.harvard.edu": 0.05777787396921902, "jaucoin@college.harvard.edu": 0.025680402534007718, "samirfaza@college.harvard.edu": 0.03372916286774424, "bzauzmer@gmail.com": 0.10653532034608078, "yenaoh@college.harvard.edu": 0.021437323142813602, "savannaarral@college.harvard.edu": 0.17880406098102897, "chaodanzheng@college.harvard.edu": 0.049946367389847354, "shengxili@college.harvard.edu": 0.13001416754524625, "jessicachao@college.harvard.edu": 0.2248359179584116, "wxiao@college.harvard.edu": 0.09598078722320608, "schoi14@college.harvard.edu": 0.011309551519562472}, "samirfaza@college.harvard.edu": {"chaodanzheng@college.harvard.edu": 0.027506635892455958, "sharonpark@college.harvard.edu": 0.001542699284312055, "jaucoin@college.harvard.edu": 0.03551104121142175, "bzauzmer@gmail.com": 0.015225235077689973, "yenaoh@college.harvard.edu": 0.0013325139411335958, "savannaarral@college.harvard.edu": 0.16976282032062445, "samirfaza@college.harvard.edu": 0.0550267047673479, "shengxili@college.harvard.edu": 0.0013806308660163915, "jessicachao@college.harvard.edu": 0.10953429060075448, "wxiao@college.harvard.edu": 0.03450327796711771}, "bzauzmer@gmail.com": {"anitalo@college.harvard.edu": 0.2095191089940933, "schoi14@college.harvard.edu": 0.01450799792489219, "yenaoh@college.harvard.edu": 0.02263429087120195, "sharonpark@college.harvard.edu": 0.02005875901148254, "jaucoin@college.harvard.edu": 0.20325310252804113, "bzauzmer@gmail.com": 0.08369116995483256, "chaodanzheng@college.harvard.edu": 0.3731197931609007, "savannaarral@college.harvard.edu": 0.058051646178027175, "samirfaza@college.harvard.edu": 0.04110129831599056, "keskici@college.harvard.edu": 0.006544900686385205, "shengxili@college.harvard.edu": 0.10302561674127188, "jessicachao@college.harvard.edu": 0.3616203995548664, "wxiao@college.harvard.edu": 0.05056961371511946, "ojeaburu01@college.harvard.edu": 0.005998140864453378}, "ltranphuong@college.harvard.edu": {"savannaarral@college.harvard.edu": 0.0029156253770524563, "wxiao@college.harvard.edu": 0.009834691297450203}, "yenaoh@college.harvard.edu": {"anitalo@college.harvard.edu": 0.10167948057892792, "sharonpark@college.harvard.edu": 0.08055477446307979, "jaucoin@college.harvard.edu": 0.046017331787833245, "yenaoh@college.harvard.edu": 0.07613768329161923, "bzauzmer@gmail.com": 0.11722500416016234, "savannaarral@college.harvard.edu": 0.03259946444100051, "samirfaza@college.harvard.edu": 0.020956970003222237, "schoi14@college.harvard.edu": 0.022509602037940772, "chaodanzheng@college.harvard.edu": 0.12079288355237827, "jessicachao@college.harvard.edu": 0.2798827652847605, "wxiao@college.harvard.edu": 0.09714811660629366, "shengxili@college.harvard.edu": 0.0738525692306624}, "savannaarral@college.harvard.edu": {"anitalo@college.harvard.edu": 0.025125945381480302, "sharonpark@college.harvard.edu": 0.019916525522623074, "jaucoin@college.harvard.edu": 0.026723642250446242, "bzauzmer@gmail.com": 0.12484032068336635, "chaodanzheng@college.harvard.edu": 0.03341297107979342, "savannaarral@college.harvard.edu": 0.007965662348464577, "samirfaza@college.harvard.edu": 0.009081906703068826, "jessicachao@college.harvard.edu": 0.19641735249276107, "wxiao@college.harvard.edu": 0.06725221581602799}, "chaodanzheng@college.harvard.edu": {"anitalo@college.harvard.edu": 0.10089303977083755, "yenaoh@college.harvard.edu": 0.008594472873786355, "sharonpark@college.harvard.edu": 0.08106119617550848, "jaucoin@college.harvard.edu": 0.1194256148203168, "bzauzmer@gmail.com": 0.33617014223045816, "chaodanzheng@college.harvard.edu": 0.9602391984324051, "savannaarral@college.harvard.edu": 0.02409265772070778, "samirfaza@college.harvard.edu": 0.11485187439701068, "keskici@college.harvard.edu": 0.09588668220349104, "shengxili@college.harvard.edu": 0.18239812305569214, "jessicachao@college.harvard.edu": 0.697564024989702, "wxiao@college.harvard.edu": 0.1603912222964154, "schoi14@college.harvard.edu": 0.1069304355382503}, "keskici@college.harvard.edu": {"bzauzmer@gmail.com": 0.010765142065691399, "chaodanzheng@college.harvard.edu": 0.005682885787748109, "savannaarral@college.harvard.edu": 0.022490373369161064, "samirfaza@college.harvard.edu": 0.002966301422091962, "jessicachao@college.harvard.edu": 0.015519371013995592, "wxiao@college.harvard.edu": 0.015297961147113705}, "schoi14@college.harvard.edu": {"anitalo@college.harvard.edu": 0.013648777260815353, "yenaoh@college.harvard.edu": 0.06389676248785131, "sharonpark@college.harvard.edu": 0.01886829012655219, "jaucoin@college.harvard.edu": 0.025475058736972825, "bzauzmer@gmail.com": 0.10990496014362365, "chaodanzheng@college.harvard.edu": 0.2344272652045579, "savannaarral@college.harvard.edu": 0.06468530646868648, "samirfaza@college.harvard.edu": 0.02272192770374063, "keskici@college.harvard.edu": 0.007333538675291068, "schoi14@college.harvard.edu": 0.3917729713790263, "jessicachao@college.harvard.edu": 0.22991350485603942, "wxiao@college.harvard.edu": 0.11008683566190738, "shengxili@college.harvard.edu": 0.10102023732070627}, "ojeaburu01@college.harvard.edu": {"jessicachao@college.harvard.edu": 0.0011278495164404544, "chaodanzheng@college.harvard.edu": 0.003401682764058319, "anitalo@college.harvard.edu": 0.00888687037226413, "bzauzmer@gmail.com": 0.008929995329613664, "shengxili@college.harvard.edu": 0.009364626009238456}, "jessicachao@college.harvard.edu": {"anitalo@college.harvard.edu": 0.1495698303122908, "yenaoh@college.harvard.edu": 0.10828996857261139, "sharonpark@college.harvard.edu": 0.06561501145897919, "jaucoin@college.harvard.edu": 0.24682846632695407, "bzauzmer@gmail.com": 0.4872596867295014, "chaodanzheng@college.harvard.edu": 0.5613871306106614, "savannaarral@college.harvard.edu": 0.10510955226714065,