{"executives@scas.info": {"executives@scas.info": 0.04408357192359506, "andrewma@college.harvard.edu": 0.009625142747731253, "masmallclaims@gmail.com": 0.0034646282786655823, "ltranphuong@college.harvard.edu": 0.041797507641920244, "savannaarral@college.harvard.edu": 0.004865272868331385, "shengxili@college.harvard.edu": 0.031632258952209516, "wxiao@college.harvard.edu": 0.0048209149161655435, "klim01@college.harvard.edu": 0.006000408041620717}, "andrewma@college.harvard.edu": {"executives@scas.info": 0.11545633781126069, "andrewma@college.harvard.edu": 0.03176916395407107, "anitalo@college.harvard.edu": 0.10158594669021795, "achaves@college.harvard.edu": 0.03534257049552232, "masmallclaims@gmail.com": 0.008976646215396372, "ltranphuong@college.harvard.edu": 0.048970210687439175, "savannaarral@college.harvard.edu": 0.15425955431257163, "wxiao@college.harvard.edu": 0.04433590747195866}, "anitalo@college.harvard.edu": {"executives@scas.info": 0.047667414472081296, "andrewma@college.harvard.edu": 0.009542477474133178, "anitalo@college.harvard.edu": 0.2325356518492516, "ecobb@college.harvard.edu": 0.01558699215971374, "crey@college.harvard.edu": 0.0011104868091398206, "gliang@college.harvard.edu": 0.037311213653213424, "ltranphuong@college.harvard.edu": 1.0939238392630704, "savannaarral@college.harvard.edu": 0.07514240717295306, "zhang08@college.harvard.edu": 0.10975558385908978, "shengxili@college.harvard.edu": 0.01737300826174892, "wxiao@college.harvard.edu": 0.39817527581147333}, "ecobb@college.harvard.edu": {"anitalo@college.harvard.edu": 0.003597052487884017, "ecobb@college.harvard.edu": 0.0035049335995304956, "crey@college.harvard.edu": 0.0021743884841237213, "gliang@college.harvard.edu": 0.02204897264166458, "angelayang@college.harvard.edu": 0.02382303276028985, "ltranphuong@college.harvard.edu": 0.013644964930609014, "savannaarral@college.harvard.edu": 0.004981448882038933, "zhang08@college.harvard.edu": 0.0012647563395209484, "shengxili@college.harvard.edu": 0.0028999728951410913, "klim01@college.harvard.edu": 0.03544406025041679, "wxiao@college.harvard.edu": 0.011357285828079211, "achaves@college.harvard.edu": 0.0036172575768754936}, "crey@college.harvard.edu": {"anitalo@college.harvard.edu": 0.04273052414826808, "achaves@college.harvard.edu": 0.008420026430504447, "chaigh@college.harvard.edu": 0.009340085542499175, "mitchelllipka@college.harvard.edu": 0.014473007683388939, "ltranphuong@college.harvard.edu": 0.025691749776935398, "savannaarral@college.harvard.edu": 0.000978560246812102, "zhang08@college.harvard.edu": 0.016774065441905534, "shengxili@college.harvard.edu": 0.0019465344310719973, "wxiao@college.harvard.edu": 0.07700692741373905}, "gliang@college.harvard.edu": {"ecobb@college.harvard.edu": 0.01858556276658322, "crey@college.harvard.edu": 0.0022309838684105065, "gliang@college.harvard.edu": 0.009124148357522649, "savannaarral@college.harvard.edu": 0.006832724458720574, "zhang08@college.harvard.edu": 0.001275857678615235, "shengxili@college.harvard.edu": 0.0029334482768449497, "wxiao@college.harvard.edu": 0.03700388579475768}, "mitchelllipka@college.harvard.edu": {"achaves@college.harvard.edu": 0.010352277505710805, "chaigh@college.harvard.edu": 0.012226985636473215}, "chaigh@college.harvard.edu": {"achaves@college.harvard.edu": 0.019455105641024067}, "angelayang@college.harvard.edu": {"anitalo@college.harvard.edu": 0.0074743509275193585, "crey@college.harvard.edu": 0.02150734144762373, "angelayang@college.harvard.edu": 0.04176282945144563, "chaigh@college.harvard.edu": 0.007292086036972213, "mitchelllipka@college.harvard.edu": 0.009084529636467359, "zhang08@college.harvard.edu": 0.008379724812679736, "wxiao@college.harvard.edu": 0.025830059926188934, "achaves@college.harvard.edu": 0.006828205758680645}, "ltranphuong@college.harvard.edu": {"executives@scas.info": 0.10800788500928522, "andrewma@college.harvard.edu": 0.018532035146615618, "anitalo@college.harvard.edu": 0.2708693016880767, "ecobb@college.harvard.edu": 0.028104971365967134, "angelayang@college.harvard.edu": 0.01817280910462035, "gliang@college.harvard.edu": 0.008390105193517971, "ltranphuong@college.harvard.edu": 0.5475143409909077, "crey@college.harvard.edu": 0.012612837825590072, "savannaarral@college.harvard.edu": 0.06353467815469327, "zhang08@college.harvard.edu": 0.0020895139771716672, "shengxili@college.harvard.edu": 0.03227486121839514, "wxiao@college.harvard.edu": 0.27980129520738134, "achaves@college.harvard.edu": 0.025227724069275342}, "savannaarral@college.harvard.edu": {"executives@scas.info": 0.0209197696327652, "andrewma@college.harvard.edu": 0.02260500394542122, "anitalo@college.harvard.edu": 0.055126830096594984, "ltranphuong@college.harvard.edu": 0.06472912032661718, "savannaarral@college.harvard.edu": 0.04726744626680465, "zhang08@college.harvard.edu": 0.0012810904034666912, "shengxili@college.harvard.edu": 0.09484111018923626, "wxiao@college.harvard.edu": 0.16216918436317404, "klim01@college.harvard.edu": 0.13183743083804333}, "zhang08@college.harvard.edu": {"anitalo@college.harvard.edu": 0.03638366263508822, "zhang08@college.harvard.edu": 0.06867160720357689, "wxiao@college.harvard.edu": 0.18294639430653403, "ecobb@college.harvard.edu": 0.034752402342845795}, "shengxili@college.harvard.edu": {"savannaarral@college.harvard.edu": 0.018864566947613626, "zhang08@college.harvard.edu": 0.002586474236175163, "wxiao@college.harvard.edu": 0.014747707189491638, "shengxili@college.harvard.edu": 0.020792762051726844, "executives@scas.info": 0.00965519078278234}, "klim01@college.harvard.edu": {"executives@scas.info": 0.06981819458038528, "anitalo@college.harvard.edu": 0.022803959237331223, "ecobb@college.harvard.edu": 0.0035221968227089014, "crey@college.harvard.edu": 0.0010615483959191538, "gliang@college.harvard.edu": 0.0069256592533935395, "ltranphuong@college.harvard.edu": 0.010677644182170513, "savannaarral@college.harvard.edu": 0.09521061700879628, "zhang08@college.harvard.edu": 0.000627330598493781, "shengxili@college.harvard.edu": 0.011572049599640442, "klim01@college.harvard.edu": 0.06772854614785964, "wxiao@college.harvard.edu": 0.0007191224856909024, "achaves@college.harvard.edu": 0.0036362434319560082}, "wxiao@college.harvard.edu": {"executives@scas.info": 0.024572603395050834, "andrewma@college.harvard.edu": 0.04319342127906801, "anitalo@college.harvard.edu": 0.1910693804200071, "ecobb@college.harvard.edu": 0.08416508326165616, "gliang@college.harvard.edu": 0.010471002950685189, "masmallclaims@gmail.com": 0.019596664210142577, "mitchelllipka@college.harvard.edu": 0.0173265734380163, "chaigh@college.harvard.edu": 0.009990014975043671, "ltranphuong@college.harvard.edu": 0.22021661855872077, "savannaarral@college.harvard.edu": 0.06802245870989025, "zhang08@college.harvard.edu": 0.09975093172916444, "shengxili@college.harvard.edu": 0.020782484686371092, "klim01@college.harvard.edu": 0.04073237996717253, "wxiao@college.harvard.edu": 0.3031120337151669, "achaves@college.harvard.edu": 0.2526555027686048}, "achaves@college.harvard.edu": {"executives@scas.info": 0.004387231031908785, "anitalo@college.harvard.edu": 0.042830268836838645, "ecobb@college.harvard.edu": 0.014174775185418742, "crey@college.harvard.edu": 0.0011098977380674965, "gliang@college.harvard.edu": 0.17249773623223866, "masmallclaims@gmail.com": 0.01099432289795638, "ltranphuong@college.harvard.edu": 0.01655180731936724, "savannaarral@college.harvard.edu": 0.0007340112349808553, "zhang08@college.harvard.edu": 0.0006368801503382492, "shengxili@college.harvard.edu": 0.0014635387630996036, "wxiao@college.harvard.edu": 0.04701688661317237, "achaves@college.harvard.edu": 0.27765973012747613}}